rnd_seed,MSE_DR,,,MSE_UR,,,MSE_GCRF,,,RMSE_DR,,,RMSE_UR,,,RMSE_GCRF,,,R2_DR,,,R2_UR,,,R2_GCRF,,,alpha,beta
8434154,0.723681711755708,0.019034491821621,0.024484039895454,0.271358499790203,0.02776343951219,0.017658828468446,0.332919938270315,0.083656064626959,0.014292703473499,0.759468373620004,0.122560520286461,0.13684794958882,0.44462501968953,0.149433348420992,0.122187635149368,0.530562224314558,0.285770189825361,0.108267216573994,-4.61308825275579,0.873558571895254,0.06,-1.10441671513437,0.829871475656529,0,-1.56065352084957,0.463245506978645,0,1012.88133712858,790.586456380785
9546180,0.456628985541447,0.02360092990179,0.009932098674052,0.130013297428097,0.109520957485339,0.031692044163474,0.265677919278021,0.150850846966727,0.036229513374841,0.616063027155817,0.127688722616024,0.075867248300527,0.320878431522825,0.289205464802749,0.1667416465255,0.489358404351014,0.369157019475706,0.177328946685176,-1.49658300430699,0.847966487327613,-2.08485541995665E+028,0.264853786368399,0.277890905636433,-6.27414871661054E+027,-0.466751242026775,-0.001860762109476,-5.56538597203658E+027,1012.76925036311,787.84069057554
7755235,0.597798232244588,0.022482023329575,0.009776689899653,3.81671183063439,1.82631135177481,0.088091686594736,0.28236922558902,0.170478271831533,0.006693262935916,0.689219521848593,0.119075553671865,0.081343617102808,1.28393177112511,0.987188131629282,0.203115464141801,0.480920328797384,0.383580015971721,0.074552053774685,-3.16091916784285,0.864023916957955,-1.40509043970859E+028,-27.4991775258857,-9.88849424258335,-7.58105030126116E+027,-1.03629992647025,-0.04528992464288,-7.41122669812533E+027,1012.65456452966,780.958614401519
8006156,0.412932528054909,0.030219193775621,0.013255191138609,0.091771388005076,0.071362036255234,0.022159407801108,0.119297931734756,0.090473746037698,0.018338267449637,0.550599111033069,0.145540932598046,0.101453281203094,0.264659297703585,0.237142739447591,0.127141608479649,0.339470495436163,0.295859473337136,0.114398338414621,-1.5576052991946,0.787303687904845,-4.36126051031219E+028,0.413766634941056,0.517188579945677,-3.49875785684986E+027,0.28776618885901,0.359413675503205,-2.82825566169343E+027,1012.83902875334,785.126688472927
9342042,0.515337987641836,0.016757118945768,0.031911360576325,0.842380518822874,0.312747036491912,0.045088337220677,0.162785068733099,0.066001243267099,0.024746741415125,0.6170590325319,0.109775385494882,0.168374513987242,0.718216960889612,0.455868645406589,0.191447557376431,0.391831830367246,0.252269006444625,0.140872195206567,-2.47732406827104,0.893583830212215,-6.31062905038658E+028,-4.36782267066621,-0.971916170930289,-1.66816783411462E+029,0.028069801984447,0.572727104065665,-1.36879296848149E+029,1012.71030333638,787.077043406665
2953441,0.590826462117598,0.020067735123699,0.041162408819957,1.7488843928497,0.619873598229423,1.0691306268697,1.27564021690914,0.442343186879614,0.601467078363275,0.660772007706313,0.120777231671871,0.151638855018075,0.962087880818595,0.578651451797732,0.835799393810531,0.883516396093907,0.534191591914933,0.654424909597086,-3.1455588180089,0.866127700884691,0.08,-11.4468421386218,-3.0273956689696,0,-8.01837256693759,-1.88630801416553,0,1012.78626023978,783.767012178898
3888747,0.670085605023151,0.034595664863335,0.02192777980863,2.48701827369418,0.106918931353536,0.213800353340581,0.370988477206031,0.089521800535491,0.109298222463458,0.754246279796125,0.161246383291717,0.126601899380984,0.876799817105382,0.227197535898926,0.342724765639661,0.485813942109448,0.292010001702257,0.282757940289232,-2.70858731354934,0.776318765537626,-9.18550885435683E+028,-14.3419883373903,0.390027749410773,-2.83196356404098E+027,-1.20773983278393,0.457711487093431,-2.37197274838884E+027,1012.62659468502,783.804927013814
7507853,0.494264517837885,0.087718162100556,0.009165594001845,0.459459069805547,0.08111556427164,0.25520352864329,0.139229444466175,0.047501030027633,0.126802402884812,0.64577254181177,0.245627624585806,0.079166802141714,0.545177787222259,0.250153877564658,0.407227422306228,0.363515108810547,0.216423982190762,0.296650766350545,-2.57102746779537,0.557605606439328,-5.47896620668901E+025,-2.26639743118605,0.51937267413916,-8.14867484199506E+028,0.040249011198928,0.710771125017339,-5.60969232239549E+028,1012.70402617753,784.631114371121
3049241,0.409985574055283,0.005074962011728,0.009115627598473,0.128638104288435,0.082998413659501,0.017580206199738,0.096465419790945,0.07782604868132,0.015565638850264,0.547116271323957,0.060680646513398,0.07999209356838,0.308174579532538,0.250065095054591,0.11776116942962,0.305307941097575,0.270743324124557,0.111941169319397,-2.25323591949495,0.968680237309166,-2.22802020880448E+027,-0.023593837726115,0.44960078752871,-8.13970189695021E+027,0.25127935611928,0.485093104893981,-7.66237383884801E+027,1012.88875562698,791.790938563645
3955925,0.325341640617453,0.030039210378675,0.038590570698177,3.42121149343628,0.282229840985944,0.556661352122731,0.306954057466043,0.073308403692129,0.110449986484633,0.493808675926074,0.143968899919676,0.180934805716601,1.14456650385914,0.371019729247994,0.555286702711337,0.52205388671787,0.268334002319508,0.304315483342695,-0.900638873983669,0.794337978929712,-5.60498005266036E+028,-20.1510401241181,-0.936283365983874,-7.97583152889661E+028,-0.752402499659056,0.47366209622109,-8.30373458392874E+028,1012.7305258736,791.696239084005
2722296,0.510671841715546,0.104704252053397,0.035277375940018,0.141747349749875,0.049506302132427,0.050398043261529,0.075534872437939,0.086857285747777,0.027442998125671,0.648135883323925,0.251992959526499,0.17276709698319,0.284339692951615,0.192385833377371,0.179076672674143,0.272499502616523,0.284242274065696,0.141132535352122,-3.7780910915837,0.39682588586463,-5.95147823877291E+028,-0.389628629147612,0.694916166967781,-8.40713757643711E+027,0.267781695481024,0.458140529772854,-1.03730009340052E+028,1012.76909496635,798.755376279354
4432043,0.517169325056673,0.032593657711128,0.071235435834463,0.369130977082894,0.032045260139268,0.041053489566666,0.364827430495386,0.097489070093557,0.021577469399439,0.640632255139619,0.156996968517268,0.224252379204586,0.532029651053812,0.16740960718842,0.177932483870048,0.576986820284725,0.304916077916139,0.139221125642585,-1.92237303161516,0.805546842279216,-3.55083017150277E+029,-1.19207414320126,0.816027610318174,-1.94615798234488E+029,-1.07900320074351,0.431492680704442,-1.10873048204336E+029,1012.72234037519,785.503604792059
7277146,0.583335052336621,0.025327400751501,0.063422697544679,1.64693166618071,0.576249938331864,1.3507126967762,0.16047896857662,0.111798448958877,0.192602171909295,0.66236570873879,0.144141517152915,0.220626697140606,0.83330117862132,0.51158848314851,0.970264003670533,0.390803425169519,0.315493504176583,0.382386068841839,-3.31435957508492,0.824994827222928,-1.35009890149212E+029,-12.2482020595021,-2.81805531453474,-2.47940374791997E+029,-0.217939352094498,0.219609538866369,-6.19471610166953E+028,1012.63678988069,789.98610752821
6862336,0.378372812146501,0.036212005608321,0.042125197735394,0.339724982748471,0.10625833471611,0.01061789998946,0.333648725681782,0.068242026924137,0.012585870366161,0.551875647406213,0.158866663663108,0.17144915977045,0.444177133527052,0.27597304963558,0.085126230774281,0.515098167886165,0.257625130955546,0.096541880847787,-0.738775874523401,0.768864013836068,0,-1.00677725760519,0.317765902276615,0,-0.906117878837926,0.539312455526945,0,1012.92394713312,790.072964549065
8552622,0.516906562111191,0.014143669496613,0.006963341338759,0.422146342810632,0.037354260788688,0.01492199273373,0.527626591731786,0.080933493187455,0.010482762776494,0.654940495238711,0.104214169956033,0.069478010914703,0.569621388947992,0.186403072839181,0.106277410084964,0.667893733740153,0.282055095268705,0.085740714473154,-2.40911798153857,0.900349837971224,-2.12748492556908E+028,-1.96113505947503,0.743527329827083,-1.40792229613252E+028,-2.66130223575397,0.438521068663802,-1.51742049083078E+028,1012.88265890628,784.963280647993
9760759,0.500277915396115,0.028892562822965,0.006289110801044,0.695896594519807,0.112945137061317,0.084940532698973,0.203223580737,0.104516795614398,0.017165788455183,0.611176629159541,0.13227357230114,0.063891537531942,0.680858556832223,0.272490921664397,0.251548786003595,0.437442032401607,0.309191673836846,0.116604666387134,-2.36157656914528,0.813608701816476,0.12,-3.63288781253167,0.310510991430957,-2.79629162325746E+026,-0.298202818021416,0.340680368754365,-2.11112637198315E+026,1012.77800945938,786.251990236342
2322389,0.305548010767883,0.042346137716049,0.00626681073855,0.442665156844909,0.506458905300692,1.27693186601724,0.447444570618995,0.498934765305839,1.2653910234928,0.489873807462104,0.16374561807897,0.063759851536987,0.534806185347125,0.5356706808823,0.872147956553266,0.60173538092551,0.583008982096531,0.902314356911552,-0.311855861223027,0.73605126521829,0.04,-1.35364645905162,-2.20852467874645,0,-1.33403862119824,-2.1882606173794,0,1012.73501554877,795.511267200112
5522917,0.616671193546049,0.026202680448739,0.027402184069277,0.130864616622347,0.074501072265631,0.017317972825408,0.233387196520386,0.134086320686924,0.023656596002999,0.68428130964651,0.131731129129522,0.148414249902869,0.305339367566867,0.240274373780595,0.120799848070541,0.475692291177152,0.355179087872917,0.142443550055735,-1.50539777293075,0.843932268784785,-1.15875909264884E+028,0.524117474355829,0.510235849118683,-5.72150632176102E+028,0.226379965606901,0.109071907426112,-7.20625200114522E+028,1012.86014695466,803.809967041016
6485978,0.405606465141838,0.036227681745756,0.007005242199402,0.109424238580308,0.037155687986926,0.112740176350836,0.109355989004187,0.057795259588294,0.015830771474242,0.567277243928646,0.147552412447344,0.069134583888031,0.284296935598229,0.175972183051968,0.291990608801613,0.326346694005213,0.238405695315032,0.114967989146734,-1.74974752217597,0.759177925577818,-4.52213569661372E+027,0.241596171064486,0.774096962052439,-2.48388731963644E+028,0.282460299810378,0.627147238716618,-1.99648033996776E+028,1012.879313685,785.434138312936
233378,0.382168697805597,0.009790667352392,0.062044437575046,1.08116955551295,0.363596086547622,0.101801266695628,0.32131573151703,0.16801183703006,0.02724002091828,0.526996028595431,0.089754924709503,0.196544528673295,0.833270153528721,0.512486493869201,0.280568465357758,0.524234507899029,0.38975733289354,0.154401831537917,-1.57979823259528,0.932738456945144,-2.05114090220101E+028,-7.42633816581842,-1.12536367711172,-4.78392516130341E+028,-1.42688995075598,-0.033935237884914,-4.08080112196336E+028,1012.80110389739,791.489007048309
7402594,0.422689825627339,0.01801834987968,0.007487463454268,0.281202564639854,0.767125178086624,0.069763632906213,0.14122524426951,0.409065972828259,0.045760596441782,0.58174885310485,0.123240325487451,0.073321141314403,0.457312736254836,0.744451419535178,0.214877075043164,0.368401975121821,0.600160425943596,0.173338969980715,-1.67378833452842,0.881339554870008,-6.31922649306924E+027,-0.832319748903544,-3.94072760622105,-2.11455038944722E+027,0.127975298024397,-1.68497169748641,-1.39960929798442E+027,1012.74867739528,786.550949670374
3046791,0.644725331632794,0.036074912908245,0.015868758087903,0.121636472910193,0.077976584349175,0.066261516952136,0.121834297066999,0.101216714594214,0.064155696978919,0.72121096590479,0.156882687809097,0.115646160038207,0.310548218530286,0.26025855552163,0.241553439190555,0.344955691122515,0.311146302218473,0.236586043471409,-3.32274110170592,0.792239191870549,-9.29652151820514E+027,0.180345362545833,0.453955352969745,-1.56359251825118E+029,0.227370571702687,0.279517543469855,-1.49150601215056E+029,1012.83306174725,785.784835658968
6479830,0.437158989528387,0.067060542578581,0.211244174392374,0.593076581941578,0.151260222115932,0.110914045656874,0.258663781638579,0.183589286337366,0.105434723621703,0.569366354077819,0.196252465216394,0.392446891634292,0.683777309303633,0.330890783748104,0.301948125107276,0.496693751729606,0.409003519599437,0.294281108931595,-0.778194638041142,0.632446309547613,-1.1100983357833E+030,-1.63609686998967,0.046983344831152,-4.57452593003098E+029,-0.033615459464331,-0.187433160144671,-4.56080855759071E+029,1012.75797837228,793.519796550274
9558392,0.490175573503451,0.042579433705291,0.01763165981189,0.346960240061686,0.075069566650108,0.052577478247324,0.444988761497062,0.143059017115109,0.045307624242047,0.639686576614856,0.168228496793091,0.113254025149022,0.498129886231647,0.237052689889466,0.198424079780251,0.595508914557327,0.351129069964045,0.188840908881691,-3.20264083228729,0.713923900973335,-9.64916642765848E+027,-1.97099616074303,0.491297013849445,-1.2164465795681E+027,-2.80484743960976,0.022856950916497,-3.18955372550302E+027,1012.71526139975,801.836567893624
9569281,0.52124920066924,0.016479085926296,0.020434224535874,158.752890759125,6.21387683557638,3.5935214751355,0.296157683660638,0.170167786600222,0.012987300878491,0.645344639573881,0.11385365064298,0.117991645107039,6.22681374408313,1.27924102237159,1.07028535795763,0.527590022611311,0.395175401256064,0.10205665477685,-0.985882483874611,0.900008133056793,0.06,-695.236359493714,-37.8740953944538,-7.71745197151421E+026,-0.110441483126697,-0.08813174489769,-7.68085312244844E+026,1012.77934289724,783.696159563959
9734754,0.507966059249775,0.019503402340746,0.030641851163878,0.102650853055335,0.082134230181785,0.057491351906083,0.241724859426735,0.058359202329211,0.053536264906103,0.652599752860305,0.11774421310623,0.141722730010971,0.285549001852634,0.264728266996681,0.203578204652024,0.474522167044993,0.240424985902651,0.198426589077126,-1.48095460853107,0.88480788041977,-7.22604217090336E+027,0.500004461389844,0.508242602731885,-3.60919918635627E+027,-0.12122137311449,0.642290969697561,-3.78883126652799E+027,1012.8285523057,785.416954793036
7789704,0.607917856880164,0.074363313874879,0.135751675638734,2.54763149660276,0.211835162847451,0.20712378098215,0.110059365042883,0.092709201828062,0.03060469686886,0.681568977078793,0.214141865164092,0.32220080944555,0.979610487572573,0.337271795094263,0.324929089865195,0.327141194749686,0.301023310493677,0.14510861165414,-3.20584534575844,0.605474285409315,-5.74637877048412E+029,-17.6734027307964,-0.043195046407774,-1.20604924081045E+028,0.280390631874316,0.496227771789176,-7.46130898145738E+027,1012.63496490568,784.055289641023
837738,0.51114644491932,0.041545814862074,0.008958633782982,0.334853540758217,0.376594874700632,0.054551988868014,0.140329374143825,0.210158907481656,0.043248455853472,0.623564761324582,0.166976961207063,0.086147111838164,0.51020313751348,0.546114479989125,0.21244305561694,0.361224521375776,0.428215496106524,0.195769538448969,-2.48540774686337,0.765795202467325,-1.88450255398862E+028,-1.1782166085877,-1.14364651624638,-2.06246603621665E+028,0.111257944324507,-0.208021732399297,-3.54658651420965E+028,1012.78928939253,783.227955698967
2529087,0.605496379413482,0.025640057380874,0.023739402424137,6.60023601723666,0.663127045180134,2.43517310921589,0.268957121898471,0.102698004463178,0.010321379268589,0.646623075068044,0.122113376093745,0.135955708427717,1.3091144067226,0.549659961908981,0.71886531543384,0.475974802728914,0.313762614174129,0.08925968647892,-2.80245875960481,0.830781622578619,0.12,-42.0440378313428,-3.9222234533908,0,-0.630826182955766,0.225440201537002,0,1012.80769102275,789.461582966149
4486318,0.397899446959391,0.033273979874281,0.007014737476637,4.95584919942286,1.99676049928677,0.590666148506104,0.660304744934901,0.431911710552756,0.081167389701781,0.546565300526235,0.143570071692137,0.066549222443152,1.43502352955982,0.91545623995557,0.466018504441049,0.717917246894281,0.572429171938851,0.215824921278156,-0.714757876846179,0.820285563563455,-2.83500386604381E+027,-18.9771837840612,-10.4568030055997,-1.18727081753426E+027,-1.50181579196751,-1.53145336232053,-1.57879075313642E+027,1012.60052526742,787.703017115593
5403510,0.319055664510899,0.05580999715354,0.053039722542249,13.1848703849403,0.25631890210009,1.94776132942848,0.500343374488208,0.069528786094145,0.18763376854729,0.498841545820418,0.186622580010239,0.210876168230915,2.0563278684679,0.424192952436551,0.7337920384372,0.63046193836685,0.259198402157985,0.358519502963777,-0.621401500220813,0.657464488871263,-3.56667949515624E+028,-68.2515785655529,-0.599340241669025,-1.44337846546046E+028,-1.43012054391611,0.538298475992946,-1.51711489269491E+028,1012.6923256889,789.254622541368
2155493,0.484993461060455,0.037244608399032,0.030537473368668,0.110473516885243,0.117770128972543,0.039527802324096,0.103688350212753,0.070743248080256,0.029714406782414,0.626699582301185,0.159149381826093,0.140891392412169,0.291981595070405,0.313728061414332,0.168624158799158,0.317973844340696,0.258242814462089,0.144735673367477,-2.44549135613456,0.775510947749938,-2.777300978044E+028,0.244774474648598,0.20955998941499,-9.36421208687828E+027,0.324058091541657,0.521105043453641,-9.04439356917256E+027,1012.75406014174,785.986552879214
7138636,0.61620658215963,0.072403870284745,0.011187253195048,1.05557896002794,0.086911995682294,0.255967508570244,0.123926732906345,0.046200557246566,0.091798101425646,0.696490146431221,0.203232143059927,0.086392355713309,0.692229877639419,0.245738977807896,0.412101232769194,0.345099899802425,0.21288048124493,0.279757199726235,-3.72313160462982,0.558019076380108,0.1,-7.02545073098057,0.434422724134868,-3.86847554431212E+027,0.099923590621215,0.679876470193431,-1.79870105177694E+027,1012.70191480964,790.699897035956
6630783,0.365919217322626,0.013917936748762,0.141720916595677,6.45641125585507,0.695563684649919,0.757075003908801,0.135892939605133,0.056140355394041,0.018160931170835,0.534005641617052,0.10455590880759,0.341318323081952,1.32510234330577,0.510346669222053,0.542688756215344,0.359921656073927,0.234957218849828,0.120457086101217,-1.01046613198339,0.908371442581485,-7.61284568261937E+029,-40.7885303400394,-3.15330719752196,-1.71078674167503E+030,0.257105892712238,0.644311594647394,-3.03985864200867E+028,1012.58805499226,788.027519345284
3060470,0.10349596355615,0.013812267263652,0.024833942025996,18.3499606383941,4.78436536093616,2.05393957363275,4.1071362253348,0.840602054694714,0.578514608320185,0.287289032064278,0.100443869750364,0.131550234650905,2.53236665186841,1.34029463332149,0.868223179793178,1.30975341713042,0.644761458733531,0.47084843649236,0.540776430555179,0.908262235379299,-7.16029067880316E+027,-96.5272063740535,-27.2803583391069,-4.11882651770672E+027,-20.7304096082916,-3.99428690094904,-4.2008651034453E+027,1012.56526956707,794.663336202502
8793679,0.472120298345266,0.034420292041893,0.020405470875006,0.618490289925139,0.069967829696941,0.06490616550876,0.629778420794421,0.089432552838775,0.046733785275382,0.623591126247539,0.155591117959356,0.127861550159336,0.686729380395586,0.240761243475709,0.222798170335149,0.729300737045136,0.28893626192663,0.191326684116973,-2.17332391027995,0.798316852638395,-5.07132583370015E+028,-3.49699170856672,0.595302803191328,-3.52950488436775E+027,-3.5203888517374,0.472324732964143,-3.86672163608801E+027,1012.71740102023,792.286581285298
3005347,0.407451305293111,0.044202299948655,0.050263628856484,0.416041700902281,0.103427144426247,0.045901799133336,0.225746626537314,0.086273255504009,0.044303718012622,0.564497698563908,0.179410338682541,0.17807442214091,0.468017075834848,0.236607142605159,0.159762884512829,0.452508158093751,0.288045050921443,0.159841965339206,-1.01537089701855,0.732354966669363,-4.98049320138116E+028,-1.13925643433277,0.364094374651945,-8.59045919092966E+027,-0.071855338649114,0.440444095660181,-8.38226955250931E+027,1012.72292869538,787.401060320437
907513,0.49662085714804,0.022675618318258,0.0046714355324,4.60119432565969,0.675374556938324,1.07021622869324,0.377346846252992,0.085692515441765,0.04676889239824,0.615297705341106,0.134489292795173,0.055082336131433,1.61298802674409,0.633604541652663,0.769104292948395,0.564008598069764,0.281190431513512,0.187532652578295,-3.47088933413722,0.847133333645217,-6.29547951939817E+027,-42.0557977910619,-3.5971384184373,-1.17050002837378E+029,-2.49174209102788,0.413194791771329,-5.25712170521974E+028,1012.75992572308,802.138598665595
6271264,0.671830509115378,0.043416570187323,0.008171542050695,0.137158107189217,0.257263323273829,0.038272115993582,0.106964234941624,0.15736336724609,0.024552238962581,0.736610731889216,0.16850833578792,0.076322389897132,0.332329912499844,0.457352777149575,0.17456338304494,0.321593721155358,0.378905915365734,0.142209701827654,-4.59437253224337,0.714419003468371,-1.51657596724868E+028,-0.103437694576011,-0.708515152771435,-5.45784123245835E+027,0.151080065276528,-0.051912215008934,-6.40700360101325E+027,1012.83776503056,796.708937592804
283077,0.40653884794887,0.01506758033469,0.009969616461864,1.44599248812325,0.620930952187631,0.333514096861881,0.121697731178063,0.133170503680304,0.106851495704046,0.55731176444232,0.089728980281889,0.082299545942767,0.786741717518365,0.549454012564373,0.456591642908595,0.340937773763225,0.357880225028695,0.291311326329157,-1.26605806760568,0.905155232502876,-2.39420136129838E+027,-7.4454557362421,-2.67173219498213,-2.17538244202172E+028,0.374288792132754,0.168420608658977,-2.53056693364978E+028,1012.83649788797,785.624881237745
7272616,0.528066920218511,0.006161145515223,0.009654017931988,10.9375230608351,1.54678958877063,0.661446785721275,0.166160852087652,0.097083527093978,0.015212159786708,0.645381044235765,0.068271870637312,0.084049243798689,1.95422557921757,0.88573490137058,0.541064922887514,0.397653350731412,0.302347863659668,0.112558344048863,-3.39002209508674,0.958865997345721,-1.16415144308342E+028,-91.5587715078879,-7.49056810914352,-2.99232328384894E+028,-0.375300428644777,0.430585139340047,-1.96631552445282E+028,1012.65350785106,798.345404826105
7317143,0.570054445765092,0.008381309664076,0.028083528589276,0.191020426332525,0.101901709530801,0.096789296619738,0.124819683110481,0.049819354951186,0.083585605238608,0.662687680744832,0.082305443165513,0.141631415794268,0.365666577543633,0.26745218696928,0.269601736057698,0.347279034984591,0.218639607128222,0.243247409046436,-3.0085235618805,0.937398761186446,-7.28765494860317E+028,-0.362682261685254,0.278319967562114,-8.86211494580141E+027,0.15503469284486,0.636601397911223,-6.18343881462372E+027,1012.65977693349,790.455084830523
4102707,0.353732891024912,0.062984064564586,0.010871459263465,0.338745347004308,0.185856999900235,0.076128777671419,0.370891275953698,0.225887403981755,0.074167462400847,0.520067637918883,0.208252643560044,0.092729581435388,0.484212359074615,0.395358618903918,0.239114775685035,0.545795267713481,0.457456159213748,0.238259219257241,-1.51309360796498,0.635583868937686,-6.23589549840923E+027,-1.30085683358946,-0.097810412304968,-1.86217186394258E+028,-1.49790447922416,-0.347287451704594,-2.12085419392218E+028,1012.7326913625,782.623404487967
3861333,0.538791289495256,0.056685945645736,0.117593913706857,0.058592312974529,0.055036784606383,0.008152289327404,0.146977895762666,0.07031763264674,0.004398559398639,0.664405373601293,0.196274915031475,0.309844077226851,0.22210704232791,0.21310880437809,0.084291979759506,0.375998763388692,0.262022316294559,0.061377321774729,-2.78685270609849,0.625779388516231,-4.34999675913479E+029,0.578332141849762,0.635982182151764,-5.32687383477943E+027,-0.02592422508732,0.519647288927106,-3.32246813520254E+027,1012.84661420435,789.040491759777
1618399,0.685004436723636,0.093727198781148,0.031954740996547,0.273621259228502,0.066718536853209,0.21737464271756,0.258405618726973,0.143062677907174,0.232271057269847,0.759774717234816,0.2490845995978,0.171206868092921,0.462752747572287,0.231211513649359,0.389370331121839,0.49380786940139,0.363044445492075,0.404019901292694,-3.07896182224638,0.362119415560762,-2.11722558617059E+028,-0.596365762927211,0.555860809638077,-4.46775470802238E+028,-0.43590240402716,0.034514410333753,-3.91890201866187E+028,1012.71266040951,785.167702332139
3466801,0.643523635922612,0.029939428503466,0.007703596403731,0.239405219833472,0.103321510670998,0.019032458089396,0.29776035813908,0.072934817502976,0.010630923036767,0.712770708301259,0.143948811654846,0.070353146621288,0.424378859672372,0.270836301873391,0.131117770553562,0.517336890893328,0.262229718292018,0.097646329889429,-2.9244813773018,0.809470956609544,-3.90085790398039E+027,-0.405847376370865,0.355654910630825,-4.80330541236155E+027,-0.694831175796709,0.526237362085004,-4.71973119354367E+027,1012.77304199338,789.195042982697
718652,0.567846551761745,0.02458190766085,0.004993418380974,0.377462234334344,0.088676575950074,0.042648057438951,0.232879892528729,0.063661870157017,0.012477543798617,0.664826016170463,0.130758301803216,0.058416632850084,0.478325670910686,0.216142854739936,0.149256963141854,0.464543312563332,0.249880173033375,0.099574355339845,-3.4065562475194,0.827794461661305,-6.65818326370774E+026,-2.02768015834088,0.399632708238599,-1.66820550083325E+028,-0.801170987807124,0.53851276367235,-1.7949579278728E+028,1012.81772948802,792.540996216238
3853189,0.427639515082257,0.012756397456937,0.01264232049031,1.30176856380323,0.090297145048041,0.078682961137719,0.287143881838552,0.165197354760268,0.048684292844468,0.594606873614268,0.094471895894976,0.09411827414492,0.871367373960099,0.25928228228837,0.234464501044338,0.524384161787186,0.383342915270946,0.190910526311644,-0.494065498883141,0.914642682304077,0,-3.8855473820844,0.42346164567391,0,0.04316842978794,-0.057693853097647,0,1012.87749452144,790.158072926104
6802308,0.518343318680489,0.014378835966158,0.024167958818315,0.642176461545873,0.134184669934145,0.263240603595148,0.171013172069058,0.111081958333146,0.039158440861227,0.609413908033563,0.102804552172369,0.134316764053314,0.626838618480298,0.317238079832211,0.424626394879421,0.403309684835135,0.306528454609144,0.174978066962571,-2.47846058717267,0.910568008437328,-2.01265673656799E+028,-3.28334690668917,0.204003505130874,-5.86371480354322E+027,-0.0744999582434,0.334520338928066,-6.22814957161823E+027,1012.77721037716,781.078298978508
9617280,0.396928390981627,0.007608894509365,0.014986486167498,0.412384759032291,0.025560813581779,0.029218375425703,0.397972715146789,0.079101411124288,0.014116911785473,0.539213825863192,0.076691645327274,0.099957693794978,0.528741027950352,0.1457107835133,0.148973326807847,0.561404258436917,0.278645935190703,0.105070489936967,-1.30980949973266,0.953159053746594,0,-1.36473714662873,0.844830690740003,0,-1.25533860396511,0.508705961586587,0,1012.91490926594,794.579404577613
2541758,0.563272272531631,0.009965078380078,0.010711954241684,1.15155906337877,0.200361897828896,0.202264574345757,0.097339963271186,0.066294826893492,0.023678348604289,0.662275915065672,0.081453879797808,0.087787804793036,0.723579968690489,0.354427569231675,0.314397099688742,0.305792532561682,0.255930993820383,0.130033717936912,-3.293881102383,0.933600895922407,-7.7154132722517E+027,-8.34723822559822,-0.279760562447585,-5.1984902618766E+028,0.26727776745708,0.557267464708238,-1.62325189270166E+028,1012.70827575028,793.646355316043
885488,0.529335130808587,0.023873167845222,0.018735335109677,16.2019306561837,0.921431088024663,1.62925801376415,0.154942933799936,0.112566417625706,0.086155580806066,0.675779872015617,0.125372771695886,0.11749794232445,1.8681672813752,0.522087481636362,0.701239296299796,0.388664477771874,0.327006915394706,0.258865043100198,-2.32361258513608,0.842163608755567,-2.57528370071581E+027,-107.684770525802,-5.51890299140587,-4.58205758959457E+027,0.139345133343355,0.2248599537139,-5.28120917818247E+027,1012.74116963148,789.154419533908
8929886,0.598814348151186,0.013901225325107,0.011336876944112,2.41733158659431,0.502272379930422,2.40737286385708,0.22194594812571,0.098916929591996,0.0421943631563,0.688244137574054,0.102644094485785,0.092748260935437,0.990832346874554,0.484275740804913,0.934453557221983,0.44109771199644,0.304526588832624,0.170905573472864,-2.95473796313981,0.902744015687173,-2.42383287289209E+028,-15.2643182102594,-2.34373282616328,-5.09936088087481E+028,-0.412127782564661,0.305090174750791,-1.83278270505965E+028,1012.59513175488,791.117659941316
3901706,0.569108845540644,0.048299074709307,0.072824483132119,1.07942697463988,0.393373320006964,0.197685796984496,0.236790110185909,0.100032914734182,0.065021298574845,0.706981753850032,0.182744633936345,0.250093318716115,0.79430652914347,0.474348280382417,0.350417908609073,0.475836503488025,0.309845065969694,0.229022923217042,-1.70267922909306,0.679416729721808,-3.039731246446E+029,-5.05139155783837,-1.47750833450308,-4.17746987882324E+028,-0.169642588894671,0.330858759899209,-3.35445673890549E+028,1012.76987880468,788.91301908344
5260395,0.577549300386153,0.051451467886716,0.015871860848828,2134.22916750147,356.787539450949,72.638402065552,15.8365593719864,2.34415122103518,0.671077220225171,0.685325775821324,0.188099657558904,0.105756038660572,22.2526559601478,9.1063583995713,4.40816361807073,2.17308144691829,0.893848071427149,0.431224550234545,-2.474197813038,0.68002858011382,-6.68392802759435E+028,-13653.3497728386,-2303.45651850019,-1.45830839926737E+028,-100.157417429352,-14.1512279989521,-8.12709539682149E+027,1012.55585923791,785.257050253451
3656361,0.481614299610718,0.021414955057487,0.016303780237798,1.65460614818636,0.328288435786631,0.057684314047845,0.24553173737821,0.072770028453059,0.047034811667407,0.604841588867344,0.112240673832487,0.109302828280917,0.882963334785708,0.46331800917849,0.200142269299459,0.478333409023136,0.266096107515324,0.181412344616501,-2.24072361543341,0.862970199940568,0.06,-10.6625846234229,-1.09688148849662,0,-0.62257250455312,0.51654636657001,0,1012.75005306304,790.802716635168
7568734,0.409872803100834,0.011015166627319,0.031120297717858,0.332943543170945,0.114940575157394,0.14164243084018,0.535208582771042,0.129176791187182,0.105180438560283,0.58391056691679,0.095967001826588,0.151316054188048,0.509339737247152,0.296424799116151,0.316165547980904,0.700101332844718,0.353186430446503,0.282481532682982,-0.482450747623343,0.927677078427897,-2.99278169796961E+028,-0.308972754821745,0.320351770002065,-3.14738790528842E+028,-0.995553507978331,0.19399967470601,-3.37109762192035E+028,1012.67030588537,792.291980780661
354175,0.578122098708787,0.07082260538822,0.027154594730596,0.270886379663012,0.207484316519971,0.02364384368625,0.19456670228154,0.130124507435761,0.018510736900521,0.686066981521401,0.217153467383125,0.153362398175099,0.406468343541784,0.402060227196976,0.146082383992237,0.414643813909735,0.35412024688283,0.126607266505627,-3.1459619732234,0.562565489753362,-4.65785072354782E+028,-0.981825131970288,-0.404707653558994,-3.05637236071759E+028,-0.370383455917483,0.089212716386429,-2.93448986895042E+028,1012.76848665625,786.363584421575
7609052,0.542261425757604,0.02957045846886,0.005475442394888,0.237186750771159,0.110439496115648,0.024347970443515,0.162743997198747,0.062619535189248,0.011739209699516,0.666045386456455,0.147697090702628,0.062801647039675,0.403112688660487,0.28179897427936,0.14019754906654,0.393663786161939,0.24266210728481,0.094416590488152,-2.67928592072831,0.83492407282227,-2.50624153229558E+028,-0.712328419583881,0.347517208045053,-5.34842177826124E+027,-0.096690250554347,0.630860051578233,-3.39223043960656E+027,1012.79083715379,784.318520277739
5797731,0.476374424459032,0.023157520992529,0.033800924311775,0.148472863276675,0.059227731647141,0.039483505995918,0.145951558099868,0.084400648278268,0.021434309166042,0.645357609454622,0.133598482380888,0.165133561065586,0.334234604998097,0.220555538157609,0.185400561940074,0.376207338898486,0.284460666329306,0.137625410367486,-2.23489055363967,0.849596701888522,-7.28071872059115E+028,-0.110214884213237,0.615860437583211,-7.45111855127219E+028,-0.027978608524522,0.435634311721289,-3.05331063581184E+028,1012.68103732169,794.617049515247
6255969,0.579214451258622,0.013317531688659,0.033717131414841,1.77176045813148,0.211995578923543,0.103639135521601,0.430001043080682,0.058071188708094,0.026271457253686,0.671027659103212,0.101552574837277,0.150509309952882,1.01758147499951,0.344365086382591,0.237188939089923,0.62462011922525,0.235547521188556,0.132327836015069,-2.24167404537498,0.898446498109064,0.06,-9.2729604985749,-0.624196970360531,-5.66496633127558E+026,-1.3676458561498,0.53480409449046,-5.15359852242865E+026,1012.7662678659,786.168304674327
3105469,0.630225650162977,0.042991941804342,0.005110831242942,6.18683697718738,0.350176969436287,0.278479059992662,0.555200570089709,0.069001178312478,0.020588437846219,0.726868519091628,0.17803329803542,0.058065573769211,1.76278682924879,0.38571521919098,0.369124815904909,0.651067263636518,0.259467413241538,0.131962867253146,-4.4359266219076,0.72787716834425,-4.32879063011522E+027,-50.2342220519221,-1.1622327769121,-1.09048770085339E+028,-3.60142516779179,0.551568735730209,-1.25740433345755E+028,1012.76997150481,800.113782450557
6218223,0.485002704598482,0.019581262677499,0.006170025102812,0.132895894971413,0.030446901486263,0.024686047186803,0.229131418075632,0.044547466059802,0.019106303702899,0.604901166110503,0.114398072994817,0.065738644733886,0.326649508259033,0.160051707430804,0.146810297183881,0.459341017962284,0.209400460100712,0.127905538706558,-2.38824722865162,0.879169778436876,-1.40566530469089E+027,0.045325896720493,0.815010808568556,-5.13576417399427E+027,-0.616684023846928,0.72626638866929,-2.96529996719335E+027,1012.80920180678,786.841656967998
233127,0.608197736057621,0.016080432015312,0.020815639158648,23.5982322649124,8.10402975562227,0.605468733184028,0.136624091050211,0.137881782192471,0.115519970345382,0.727952111158384,0.11279275916279,0.129788175822068,2.42936545010722,1.44973616943051,0.587031240162716,0.36147093277929,0.356108931061393,0.306867659823338,-2.59658271109065,0.894776778863649,-1.25829241660124E+027,-158.924007170927,-50.4483351638996,-1.25581377778433E+029,0.205456939105099,0.089426793455817,-8.34135431896664E+028,1012.7184298858,788.8456588462
3507636,0.654621853823864,0.014490193539347,0.023303938011222,0.284097088977156,0.20914308604115,0.075725691459123,0.101216161048505,0.078849780109601,0.051178387105388,0.731569729524912,0.103082812358882,0.143552146062537,0.451820607855898,0.369234786358712,0.2459035284041,0.313689322230299,0.278782972425066,0.203240252694233,-3.2547793169786,0.903888510519903,-1.21674647118606E+029,-0.929164337478092,-0.501694573059371,-1.16311544084732E+029,0.371827458416389,0.405486621363506,-8.74803764944341E+028,1012.8292004168,785.426334708929
8693440,0.704699408824446,0.057566039283097,0.029733947021443,0.314592554286394,0.166515774066584,0.380772841925644,0.382734619735978,0.154997766882405,0.311403924311444,0.773166031809806,0.208961253308083,0.156769246656992,0.47811937623588,0.338220790623266,0.533112177246984,0.578029434998384,0.363561476976395,0.4704312320615,-4.23864515154632,0.672138640991602,-7.08248498519645E+028,-1.31845309259289,0.070233193029431,-5.06615232845534E+029,-1.77681182657785,0.124766647146822,-3.46110141554122E+029,1012.69385041296,788.069295302033
2009604,0.562242022005773,0.024731606985423,0.089956573595794,1.18369790748215,0.032677798847365,0.20704280338784,0.46825353169784,0.0859009528581,0.095077151291668,0.665929520089733,0.13199070937437,0.25957065986623,0.767484131038809,0.172583718857674,0.384801085572023,0.611785821105124,0.28997901581805,0.289212390231404,-3.33598343942456,0.857015758942092,-6.68787162973898E+028,-8.85680667811489,0.801814775833963,-1.00266530598211E+029,-2.81884314558889,0.476769647333665,-1.05076962301237E+029,1012.82747608423,795.763175837696
5622085,0.684182584935532,0.034769431566377,0.031381446628747,25.0220615411022,4.85369747480879,1.557173114588,0.413204837451332,0.516931738164123,0.058019787469368,0.740678173431215,0.15409435044808,0.152635305265614,3.06009089518869,1.42399329245256,0.779391347517162,0.538254106863531,0.612250086128659,0.193657690990832,-3.01063458962308,0.772494145294535,-1.64578167131584E+028,-155.862827178611,-29.4647097552877,-5.13748522459038E+027,-1.46379474211673,-2.32089591226064,-5.10941916730655E+027,1012.65687950701,785.101816639304
2727989,0.461506643423301,0.015457874252278,0.015980340656653,0.18299794463294,0.268560260167955,0.02986036358087,0.144130929165113,0.068753331818683,0.022999816728524,0.60965327096975,0.111272614810755,0.106613756285197,0.360471567741968,0.433580121076338,0.148303016082595,0.372059584072747,0.25942017764403,0.129096708581206,-2.26392924281972,0.888962965089449,-1.43538962514591E+028,-0.26826561826516,-0.967863578085135,-1.13332162842164E+028,0.050488763827338,0.482197450148394,-1.43674499297075E+028,1012.78771208227,789.629139810801
8935056,0.447648388761641,0.010978043502196,0.02269777994263,1.12820107988458,0.209801102450028,0.094157140959232,0.476807183638573,0.069598038073471,0.074842688146391,0.575372943373513,0.08906888941017,0.123146656670302,0.827376435666776,0.399793329188363,0.252654423282401,0.645294789481653,0.261194174904917,0.236601864452464,-2.01861321544947,0.936261609856019,0.06,-6.24592650909601,-0.320046721925561,0,-1.94943989415693,0.557642258891919,0,1012.8050102666,788.486155934632
1791292,0.534446425697714,0.028204153878363,0.020933639237994,21.3671771376266,2.199781146623,6.17997178757332,0.085719344135664,0.197763592172284,0.052965907396029,0.608854511250566,0.14917750409191,0.106511044369731,2.78512360011904,1.0222719140125,1.7813534069786,0.290113055390001,0.428458898794094,0.208774028050827,-2.46518515451515,0.842739079442555,-1.41082022341536E+028,-143.85285252024,-9.65995381413306,-1.42378594417302E+029,0.480991959287133,-0.004996412096979,-6.99243408133534E+028,1012.57993773371,786.202035106719
2986806,0.660391374914143,0.006840988469491,0.018590402522868,0.097787740918144,0.052445842754077,0.023125866866722,0.157231761699299,0.081085781292206,0.027901173141025,0.704036475342959,0.066850614619191,0.108366376601317,0.260546137442569,0.219150170581469,0.130001618833611,0.385822675745177,0.282402482056201,0.147419933668754,-2.52023203579935,0.952415137802134,0.1,0.497088334856581,0.648889897937866,0,0.25291831193129,0.440359332579121,0,1012.8830261156,784.90562324971
7419966,0.578492437953404,0.026628372584504,0.016352168170882,0.571171666953026,0.124457531724097,0.101464765952094,0.329910446392608,0.230165331862437,0.047600656242807,0.684644418871559,0.134974382156952,0.100502583556342,0.616491810975929,0.320406955699323,0.274644583710309,0.516053747904663,0.45795513631171,0.18279868995813,-2.60881062315311,0.810958653837129,-3.40368838668305E+027,-2.62925264555706,0.188287561306799,-5.72661383434183E+028,-1.05341874539373,-0.540142959236203,-5.14006460922443E+028,1012.71645766497,789.315944865346
2704820,0.650698996723514,0.070431173714087,0.010111422250557,0.107195386490213,0.075192017447503,0.015194026652833,0.141561679557634,0.121726488635338,0.010970812165527,0.718144237347888,0.212252404248847,0.080999111462723,0.281015552046773,0.236446511258278,0.112675598696005,0.355643802400791,0.331574640017957,0.087181866211665,-4.53236581035424,0.605321878879025,-5.11896273848178E+028,0.076972597849087,0.565320590533491,-2.04820933621903E+028,-0.211694407098085,0.279474216732919,-1.5466313364368E+028,1012.76217499375,798.933466672897
5850922,0.470064020895428,0.023265558759063,0.034284560956485,0.384077057897919,0.165597993105956,0.08505860606194,0.586766931443704,0.110517619862461,0.074682792484118,0.619935755277667,0.117652496835341,0.160530686658353,0.558209600818864,0.365716615719735,0.246587597723381,0.720746641032358,0.313252379617762,0.217985596345825,-2.53272007383737,0.836238866673728,-2.4924969408982E+028,-2.03493169974961,-0.112647140859151,-1.06537661508908E+028,-3.59783150489263,0.251033655326685,-7.49883543749701E+027,1012.83767173439,796.933812074363
8059971,0.441141600769432,0.02680989578605,0.016864865333765,1.25541352661215,18.2200838729125,1.26326380514616,0.772666792479099,7.50324948595355,0.643546708431798,0.606318474898498,0.144863034947677,0.106300810500624,0.776063699320951,2.96842928122194,0.787382979671383,0.589628037942307,1.92073829262878,0.564721590453162,-2.41599607405689,0.815007082007086,-8.69756096239884E+027,-9.13208086353394,-118.776580287766,-1.98426324806284E+026,-5.26476105414664,-48.3297520849371,-1.21636065050634E+026,1012.83662173897,792.315517239273
1856041,0.593989025677656,0.039141109773435,0.021064799436284,29.5306460662452,4.91752579231414,3.02367849349962,2.68264779461536,0.362291281652119,0.136208708192217,0.683693878965785,0.163689222343785,0.106864143106788,3.47775587353342,1.37815072901102,1.02763943620428,1.00802089686751,0.445034607042004,0.238214833188877,-4.03807789169095,0.746753066674573,-4.05421143919917E+027,-260.371008514114,-32.8858028643437,-7.87823839971951E+027,-22.6687390767951,-1.49546667871617,-4.37072566836679E+027,1012.75462234765,800.461756393313
3692513,0.602737482401955,0.019449750731207,0.01475620835783,0.737330369347889,0.431161194084377,0.092163176776332,0.174013197870949,0.14251703267042,0.039701655238862,0.687849954155393,0.124834312083661,0.10519075910371,0.720914964246234,0.548422555099701,0.264511458479275,0.40812917128502,0.363667852478982,0.178042466236037,-3.00767909463086,0.870632617063544,-5.86072672855414E+028,-4.05353656988328,-1.65289090140748,-5.21481442978026E+028,-0.106843743010027,0.086700902305407,-3.85009660488937E+028,1012.70953185111,782.976492077112
6466853,0.502963599502689,0.002978103490629,0.097099608707541,1.04565672371552,0.255982268543457,0.092442615401022,0.547507121937171,0.098260711011091,0.058541773421848,0.617291471001957,0.04604372937507,0.264022712993262,0.829613714474662,0.404228970010348,0.260952767125595,0.694899846588981,0.304936480462361,0.216627870144961,-2.7846045435906,0.980723548125557,-4.49308855164017E+029,-7.07324565163834,-0.571733133860182,-1.07381026204739E+029,-3.1819930283438,0.371395176475661,-6.47292887135418E+028,1012.85130967945,793.016154311597
3880511,0.650897214421843,0.100480525807133,0.077189592761226,4.02870667709996,1.25600941306611,0.142348577540158,0.504443534540124,0.088858866836407,0.067690281676093,0.744154319677664,0.244885781686058,0.264059525954374,1.63556135098583,0.813850475616837,0.312156764318476,0.652489844644431,0.289877511612229,0.238761823350063,-4.23767180130178,0.341886254050742,-9.22433299913856E+028,-33.3301402893448,-6.93307117906636,-3.2993384996962E+028,-3.23482075033627,0.415664296449709,-3.72036333876845E+028,1012.65081267804,795.255175553262
8808572,0.537519276714157,0.039398764074331,0.065858582914964,0.107140711901081,0.056348963161264,0.017804561288001,0.123563121830647,0.068083339969753,0.008022613267058,0.673393715840265,0.167053024303826,0.237598072946094,0.29869621850715,0.22213541125084,0.125870027595484,0.346151159838584,0.25922287472415,0.085898385443891,-2.61859460246134,0.747524288166841,-2.3067464724047E+029,0.264751779018833,0.632942870567967,-2.47260785503042E+028,0.201034731977682,0.558575652690932,-2.04476974651534E+028,1012.72174429148,787.031508594751
86376,0.671457400205344,0.012457557741772,0.005219763762044,0.060578575790065,0.027342014024264,0.07274148415242,0.13621452537072,0.051095436140644,0.073682217908104,0.724847130497744,0.099516584911461,0.059691941123224,0.219135565793248,0.158692697068124,0.225108223337345,0.362768487404336,0.225060971387939,0.227040312278394,-3.94943729407743,0.902831695478135,-1.34270818592676E+028,0.557246955973042,0.797183984121083,-8.26051391582736E+027,0.028768399800219,0.615152783672056,-1.07865169392621E+028,1012.75227422267,789.201972737908
4824156,0.628959594445352,0.015396974225127,0.01682622061549,0.151773160209076,0.109956076400772,0.025336801198306,0.14355579151531,0.122747382636019,0.017624902337911,0.683427228001796,0.09802299567676,0.113260035885747,0.324985266324572,0.285615436134246,0.137016569280006,0.361497921299909,0.33638245465654,0.116871405495568,-3.18317677487259,0.886549985414447,-6.66691774010228E+027,-0.027879501304636,0.173744183320407,-1.60184844216375E+027,0.063330214239949,0.053285613292211,-1.55675062156789E+027,1012.83454973996,786.859647020698
4840678,0.559298436751659,0.032654746578698,0.008261466526057,0.125733490989439,0.049964333351038,0.108887150416746,0.23612982684574,0.068526813141804,0.121989632376247,0.644957252456214,0.138981590221894,0.074894160290465,0.292669651677765,0.196328925874864,0.28185544059798,0.465640907056215,0.256370327385578,0.297252008268882,-2.0739278542828,0.803810461085424,-1.779318246898E+028,0.299460463559246,0.700700216988161,-8.76121138227027E+027,-0.223022550259423,0.580738594500657,-9.75555709204915E+027,1012.85612877458,789.81690108031
6030010,0.923251074277648,0.029862967630885,0.172889175441106,1.98739547353185,0.124432608921591,0.312192539530019,0.274221780171237,0.049517020685786,0.012853935452672,0.883383841095539,0.136133912105526,0.330324006084847,0.861638137307923,0.279912112215941,0.317613781717302,0.488080095747726,0.218848462834002,0.109698592132512,-5.21553552740145,0.797717303275109,-5.07430819247339E+026,-13.1497498344204,-0.029244687094067,-3.91341943853639E+028,-0.851997344146771,0.593486504089833,-2.79132973148976E+028,1012.6961106509,793.029733404517
9146742,0.72290631986654,0.045173669212153,0.004799542008293,0.370464066825825,1.3845223374968,0.272953420984635,0.139131526602282,0.124082296162457,0.065689791535209,0.732047904504593,0.180839495868008,0.056677405415123,0.459329999802545,0.825520531725674,0.4425885291397,0.347999878077631,0.331989936451274,0.247320925118646,-4.95682947209044,0.728479036470476,-2.23851255631298E+026,-2.13167031767405,-8.23841188200172,-9.91199737137817E+028,-0.163559467428511,0.134990444419321,-9.47094986312951E+028,1012.81358475983,799.179116055369
6396002,0.535352177353998,0.027937265223383,0.023606389870408,0.100599088131583,0.098954988433533,0.04316748530046,0.101990753330244,0.093361204263688,0.03161898676786,0.66423679238051,0.14588546683523,0.130693043587284,0.270865903259103,0.26227800198027,0.176737199122424,0.316171296604044,0.296561850684751,0.149767386398275,-2.78622550545469,0.802186054278479,-1.07172493785166E+029,0.32803549239985,0.370886633589878,-6.10817570149096E+027,0.334742473611696,0.39071764690225,-3.81881147441158E+027,1012.79602424055,793.652248620987
8133209,0.358066255270316,0.005743444114181,0.05382119235035,0.401415642789071,0.447675964060123,0.047328230924338,0.112324007159673,0.040243085998297,0.016123212219248,0.517819608073377,0.067071564094073,0.203161203516585,0.468808395194817,0.490880324254693,0.181340925550342,0.328306995485917,0.199810697510697,0.097585614739927,-1.75742388764343,0.963950894175558,-4.7134557170495E+028,-2.08126216138565,-2.0114711446192,-1.20649015021431E+028,0.157189829384693,0.733049510640942,-7.07700662249188E+027,1012.7972805649,790.207330860198
4759152,0.529686643607286,0.017443162981588,0.110529082810576,83.190415431886,15.4119362210503,2.09728204902862,0.448404805017801,0.349721197492585,0.047318705499587,0.595570326396989,0.11742298797708,0.294902389758895,4.25820520025515,2.09698087876891,0.823017133114112,0.477533902139121,0.496477681755233,0.178505949485257,-1.82405684194467,0.875195304929571,-3.68383094894066E+029,-460.182273652279,-113.445312344974,-8.36458057650816E+029,-1.40805157515263,-1.64540897067956,-1.10302004422521E+029,1012.78395526856,785.594249464571
4644655,0.454295287463944,0.018031541974292,0.012787163046274,0.078982036942433,0.072778066794474,0.090383816741307,0.099641825991803,0.104206718508273,0.079515590156029,0.606064677258891,0.123265843378968,0.090248265294272,0.245593542512052,0.238730548484771,0.261646886172735,0.311771993671129,0.306381520691893,0.245177785458204,-1.78679573055442,0.86653757021231,0,0.502349985779614,0.447109964831711,-6.56408285111736E+027,0.4162054597424,0.198269237189364,-5.98790771502763E+027,1012.84763801843,785.961336098611
5478612,0.407362373753751,0.024049409817258,0.017770438387633,6.36131488530251,3.42180169948227,1.5084663323117,0.140061782481636,0.430282813919679,0.022506491246028,0.544363219979871,0.134604080267398,0.116612724298837,1.43922427194331,1.0723105316946,0.678022800621709,0.361993055526837,0.575549492570064,0.122038826107671,-1.97718061123575,0.862916592993623,0.06,-46.1903983858826,-18.4314144780946,0,0.03239603384841,-1.46015471347494,0,1012.67199318856,794.889433026314
9639612,0.560287202725213,0.025451145684747,0.099996895484761,25.8025755585475,1.54164594980594,4.54590850868589,0.722786192780905,0.263022351554115,0.142111888158637,0.630577153402265,0.125867280208639,0.283744450835423,3.61042107560923,0.896837874884851,1.56699581645549,0.673294779634806,0.478566002494878,0.302191109842984,-3.1614772595772,0.826239563663596,-8.37337351901629E+028,-198.472068591052,-9.77705778319366,-1.27412587217855E+031,-4.58070169871219,-0.869328085449845,-3.68343095571289E+029,1012.83583152294,787.342947468162
506237,0.58844543826258,0.023343021869473,0.009275930207572,4.4149439470759,0.542057173000382,1.15950521434361,0.283940539066992,0.063642703872515,0.009854512588809,0.673877746443676,0.128882573820593,0.078901253875044,1.39110203765866,0.480359229886436,0.65070643236631,0.510479037690775,0.24566002935969,0.087682084688432,-2.88897460465913,0.85306348053948,-1.82779905147096E+028,-30.8500185587529,-2.52920152321248,-2.56006778650661E+028,-0.911470112387006,0.562072398050123,-3.31834698439408E+028,1012.77958847582,788.632782906294
8001135,0.418717251933395,0.015375492881286,0.006030185838903,0.516422475572333,0.064702208656947,0.042234737222379,0.163760957033639,0.076981713288244,0.029199390116988,0.565689864400316,0.111070547004405,0.063402622391928,0.568842686305032,0.216403636651979,0.185376203106702,0.395804334736771,0.274736305954256,0.155375726896092,-0.723843737296127,0.899284374894414,-2.16532835428268E+028,-1.29084380526107,0.648745609394695,-3.11138625864449E+027,0.35843911877199,0.551228921696344,-2.7531902438794E+027,1012.59640385956,785.67994954437
7180226,0.454393265178794,0.01878293292345,0.015073974122973,5.40331962209805,0.496700186672543,0.712962777566474,0.084644823249872,0.085433315004498,0.014131348048206,0.540748076374086,0.122384501798687,0.095858787227452,1.39538511293702,0.509880399842257,0.504089485636763,0.285801495738529,0.285600015463922,0.099849268801274,-2.37064996077084,0.8788412097983,-1.87976484189032E+027,-42.9140518773174,-2.14219909114984,-3.64089524708243E+027,0.398973152426409,0.423804014609925,-3.651919668213E+027,1012.69000725448,793.807202287018
898532,0.540788433617766,0.012041325128661,0.009265201755478,0.756488602941317,0.456812924776494,0.139218256666678,0.128727962399408,0.08073726285401,0.010328938087458,0.644531259558132,0.089241313421929,0.082752513082194,0.668842345897927,0.535541221278836,0.293444897650816,0.352290368446528,0.28057994923625,0.095941825530854,-2.15771669450076,0.922166643784675,-5.13020079480866E+028,-3.75867612712353,-1.86610689436658,-1.8669893767761E+028,0.283948775428204,0.466072338209454,-1.06099651282629E+028,1012.75060857087,784.020386703312
9203964,0.39847167738518,0.072517901116058,0.047857507190177,6.92811219244018,2.62340059231308,0.387177843222385,6.36635792999136,1.90054699168471,0.25513097084665,0.549671413144648,0.218496214032102,0.181229613389829,2.21787272930884,1.19340404552667,0.490016413537538,2.12902718185786,1.04695645362973,0.387193438095279,-1.18337717890131,0.583977553282725,-4.71471276622592E+028,-36.2925446819197,-14.4225309237959,0,-33.9030102701998,-10.1637442528422,0,1012.7178453356,791.42673805356
401895,0.230508564412399,0.018690562342084,0.012812148754607,6.94949391872205,1.68468265127212,0.58704565595451,0.103982047523721,0.10235250169622,0.062254448854612,0.387271715656151,0.124712987183161,0.091370721491743,1.46100198695548,0.869311816259764,0.504512188243898,0.318284424804512,0.307746106629393,0.208662069233445,-0.641378225443511,0.873967993850768,-2.86836867237161E+028,-49.6846803981091,-7.69598662256933,-8.20759704473758E+026,0.280873604920547,0.409846681323916,-7.79680578701982E+026,1012.79200758785,796.577283114195
4277299,0.701493358624942,0.038307167409166,0.034691041764537,0.299318031922407,0.098703574776138,0.074097971877494,0.152217145946151,0.091101647505156,0.029117898346422,0.727240053196752,0.166913363436287,0.167122836731269,0.457944916931465,0.272476861503809,0.2176818618301,0.379343007492995,0.293969757422613,0.139212020233583,-5.29284114623109,0.754577857387897,-4.59016694229813E+028,-1.59574115490624,0.352397441787605,-7.99241273444533E+027,-0.329449014881289,0.393533423225915,-8.12618185321466E+027,1012.87891525775,802.605202957988
1421821,0.517966025424224,0.01661720358593,0.024842973670391,0.301765208617877,0.218721518377195,0.019937307248315,0.10045266237333,0.178930536641522,0.02506036804908,0.618045419669748,0.11193717339458,0.13267241420243,0.465466749185379,0.410175593924061,0.126164038886057,0.307196307193428,0.410268309904386,0.141057820795948,-2.15890872191385,0.902028871013093,0.1,-0.911915510646488,-0.289567576981199,0,0.396971528072351,-0.088899306943802,0,1012.83687164634,788.801426775754
